account_number,company_name
1,Divavu
2,Browseblab
3,Lazzy
4,Vidoo
5,Ntags
6,LiveZ
7,Skynoodle
8,Skidoo
9,Jaxspan
10,Roodel
11,Tambee
12,Shufflester
13,Youbridge
14,Thoughtbridge
15,Thoughtmix
16,Agivu
17,Avaveo
18,Realbridge
19,Yamia
20,Realbridge
21,Thoughtstorm
22,Gevee
23,Geba
24,Edgeclub
25,Tagcat
26,Zoonder
27,Eadel
28,Nlounge
29,Nlounge
30,Izio
31,Eire
32,Yodo
33,Camimbo
34,Meeveo
35,Meemm
36,Zoonder
37,Skinte
38,Gabtype
39,Topicshots
40,Mynte
41,Youspan
42,Meeveo
43,Skidoo
44,Edgeblab
45,Shufflebeat
46,Skyble
47,Voonte
48,Chatterbridge
49,Dynazzy
50,Trudoo
51,Fiveclub
52,Zoomcast
53,Reallinks
54,Skiptube
55,Thoughtblab
56,Dabshots
57,Voonder
58,Pixope
59,Voolia
60,Kwinu
61,Meemm
62,Cogidoo
63,Abatz
64,Quire
65,Blognation
66,Realcube
67,Rhyzio
68,Latz
69,Jaxworks
70,Mita
71,Kimia
72,Snaptags
73,Twitterbridge
74,Yoveo
75,Eazzy
76,Blogpad
77,Camido
78,Realmix
79,Livetube
80,Reallinks
81,Wikibox
82,Buzzster
83,Gabcube
84,Trupe
85,Eidel
86,Chatterbridge
87,Einti
88,Topiczoom
89,Skiptube
90,Voolith
91,Zoomzone
92,Cogibox
93,Kimia
94,Brainlounge
95,Rhynoodle
96,Camido
97,Roomm
98,Brainbox
99,Edgepulse
100,Digitube
101,Meevee
102,Demivee
103,Linkbuzz
104,Voomm
105,Zoombox
106,Yodel
107,Oloo
108,Viva
109,Brainverse
110,Janyx
111,Gigashots
112,Meetz
113,Realblab
114,Ozu
115,Eire
116,Twitterworks
117,Aivee
118,Kaymbo
119,Jatri
120,Snaptags
121,Tagtune
122,Mita
123,Izio
124,Meevee
125,Oyoyo
126,Skynoodle
127,Tagpad
128,Roodel
129,Edgeify
130,Abatz
131,Abata
132,Ooba
133,Realbridge
134,Skynoodle
135,Gigabox
136,Aimbo
137,Dynabox
138,Quinu
139,Cogibox
140,Yombu
141,Abata
142,Yakijo
143,Yodo
144,Ozu
145,Mymm
146,Quatz
147,Kazio
148,Oyope
149,Devcast
150,Flashpoint
151,Rhyzio
152,Gabtune
153,Dynazzy
154,Cogilith
155,Wordify
156,Wikivu
157,Topiczoom
158,Voomm
159,Shufflester
160,Skyvu
161,Cogibox
162,Realpoint
163,Skaboo
164,Fanoodle
165,Voomm
166,Jabbersphere
167,Plambee
168,Trupe
169,Mudo
170,Yombu
171,Voonix
172,Buzzshare
173,Gabvine
174,Podcat
175,Browsedrive
176,Fivebridge
177,Skibox
178,Kamba
179,Vimbo
180,Dynazzy
181,Quatz
182,Myworks
183,Edgepulse
184,Jabbercube
185,JumpXS
186,Meedoo
187,Fiveclub
188,Brightbean
189,Geba
190,Twitterlist
191,Jazzy
192,Quatz
193,Muxo
194,Thoughtstorm
195,Oba
196,Tambee
197,Mycat
198,Topicblab
199,Linklinks
200,Yoveo
201,Kamba
202,Eayo
203,Skyble
204,Vimbo
205,Dabtype
206,Browsecat
207,Jatri
208,Voonte
209,Ntag
210,Eadel
211,Voomm
212,Trupe
213,Edgepulse
214,Yodo
215,Blogtags
216,Katz
217,Browsetype
218,Quimba
219,Roodel
220,Skinte
221,Zoomzone
222,Brainsphere
223,Twimbo
224,Livefish
225,Quatz
226,Yotz
227,Skilith
228,Flashpoint
229,Quinu
230,Yozio
231,Tanoodle
232,Dynabox
233,Realbuzz
234,Yakidoo
235,Flashspan
236,Yakijo
237,Devpoint
238,Chatterbridge
239,Wordpedia
240,Tagfeed
241,Chatterpoint
242,Teklist
243,Realpoint
244,Trilith
245,Zoomzone
246,JumpXS
247,Tazz
248,Riffpath
249,Devcast
250,Yozio
251,Mynte
252,Leexo
253,Feedfire
254,Eire
255,Yodo
256,Gabspot
257,Avamm
258,Photobug
259,Nlounge
260,Oyoba
261,Edgeify
262,Eabox
263,Brainsphere
264,Devpoint
265,Brightdog
266,Youspan
267,Mita
268,Oyondu
269,Linkbuzz
270,Eayo
271,Zoomdog
272,Feedfire
273,Fliptune
274,Cogilith
275,Meejo
276,Skivee
277,Skidoo
278,Zoovu
279,Skajo
280,Rhynyx
281,Shuffletag
282,Skidoo
283,Babbleopia
284,Devcast
285,Leenti
286,Browsezoom
287,Chatterbridge
288,Ntags
289,Meedoo
290,Thoughtstorm
291,Latz
292,Twitternation
293,Bubblebox
294,Youspan
295,Meevee
296,Oyondu
297,Topicblab
298,Rhybox
299,Edgewire
300,Centizu
301,Zoonoodle
302,Vinte
303,Yadel
304,Jabbersphere
305,Skinte
306,Tambee
307,Geba
308,Skaboo
309,Rhycero
310,Chatterpoint
311,Realfire
312,Rooxo
313,Skyvu
314,Kwilith
315,Twitternation
316,Skyvu
317,Kaymbo
318,Gabtype
319,Mynte
320,Jabberbean
321,Ainyx
322,Yoveo
323,Twitterwire
324,Devshare
325,Yacero
326,Dazzlesphere
327,Demivee
328,Tambee
329,Quaxo
330,Dynabox
331,Leexo
332,Katz
333,Vitz
334,Quatz
335,Izio
336,Teklist
337,Fivespan
338,Oozz
339,Babblestorm
340,Edgeblab
341,Zoonoodle
342,Roodel
343,Flashset
344,Leexo
345,Bluezoom
346,Youspan
347,Skajo
348,Tagchat
349,Yamia
350,Kazu
351,Minyx
352,Jabbertype
353,Skidoo
354,Aimbu
355,Eazzy
356,Roomm
357,Yakitri
358,Kazio
359,Edgewire
360,Quire
361,Roomm
362,Vimbo
363,Oloo
364,Thoughtmix
365,Twitterbeat
366,Mydo
367,Ozu
368,Skiptube
369,Cogilith
370,Avaveo
371,Blogspan
372,Feedfire
373,Tazz
374,Roomm
375,Meemm
376,Babbleblab
377,Gigabox
378,Youspan
379,Topiczoom
380,Rhycero
381,Mudo
382,Fivechat
383,Ainyx
384,Dabjam
385,Kimia
386,Midel
387,Skiptube
388,Yodel
389,Tagchat
390,Topicshots
391,Midel
392,Dabvine
393,Layo
394,Meevee
395,Livetube
396,Realcube
397,Skipstorm
398,Topicstorm
399,Yamia
400,Tagopia
401,Aivee
402,Tagopia
403,Thoughtworks
404,Quire
405,Zoonoodle
406,Talane
407,Photofeed
408,Blogspan
409,Tagcat
410,Edgeify
411,Buzzbean
412,Mycat
413,Blogpad
414,Snaptags
415,Yata
416,Jetwire
417,Edgeblab
418,Zazio
419,Realcube
420,Bluejam
421,Jabberbean
422,Buzzster
423,Zoovu
424,Kazio
425,Oyoyo
426,Feednation
427,Meevee
428,Linkbridge
429,Kwideo
430,Bubbletube
431,Thoughtsphere
432,Feedmix
433,Babblestorm
434,Linkbridge
435,Avamm
436,Mynte
437,Livetube
438,Yodel
439,Devpoint
440,Twitternation
441,Lazz
442,Tekfly
443,Jayo
444,Zoombeat
445,Skyble
446,Photobug
447,Fivechat
448,Kwideo
449,Blogtag
450,Demimbu
451,Zoomzone
452,Realblab
453,Buzzdog
454,Plajo
455,Jabbercube
456,Babbleblab
457,Flashset
458,Skippad
459,Zoombox
460,Feedmix
461,Zooveo
462,Thoughtstorm
463,Oyope
464,Kimia
465,Brightdog
466,Topiczoom
467,Npath
468,Gigashots
469,Skyba
470,Oozz
471,Kayveo
472,Twitterwire
473,Dablist
474,Gabvine
475,Yakitri
476,Skivee
477,Quimm
478,Jetwire
479,Gabspot
480,InnoZ
481,Shufflebeat
482,Agimba
483,Photobug
484,Jatri
485,Zoombeat
486,Topiczoom
487,Yata
488,Aibox
489,Devpulse
490,Twiyo
491,Quimm
492,Rooxo
493,Youbridge
494,Jayo
495,Vipe
496,Vipe
497,Dabshots
498,Yozio
499,Tambee
500,Yodo
501,Devshare
502,Geba
503,Realpoint
504,Skyndu
505,Realbuzz
506,Teklist
507,Innotype
508,Dynazzy
509,Mydo
510,Gabcube
511,Edgetag
512,Photobug
513,Layo
514,Jabbersphere
515,Mynte
516,Brainbox
517,Yodo
518,Meejo
519,Eazzy
520,Jabbercube
521,Edgepulse
522,Feedmix
523,Tagtune
524,Voolia
525,Meetz
526,Edgewire
527,Skiba
528,Photobug
529,Zoozzy
530,Gabvine
531,Aimbu
532,Eire
533,Brainverse
534,Vinte
535,Yakitri
536,Omba
537,Brainverse
538,Rhyzio
539,Trilith
540,Buzzdog
541,Jayo
542,Kazio
543,Yamia
544,Wordify
545,Minyx
546,Jaxbean
547,Reallinks
548,Ainyx
549,Brightdog
550,Thoughtstorm
551,Buzzbean
552,Mydo
553,Riffwire
554,Camido
555,Eazzy
556,Mynte
557,Kazu
558,Brainsphere
559,Kamba
560,Twimbo
561,Voolia
562,Yamia
563,Kazio
564,Meezzy
565,Tagchat
566,Topiczoom
567,Reallinks
568,Rhynoodle
569,Zoonoodle
570,Ooba
571,Devify
572,Kayveo
573,Skyble
574,Tagtune
575,Zoomlounge
576,Voonix
577,Photospace
578,Shuffledrive
579,Skyble
580,Jabberbean
581,Omba
582,Shuffledrive
583,Realblab
584,Riffpedia
585,Photojam
586,Muxo
587,Yozio
588,Flipopia
589,Centidel
590,Quatz
591,Twitterwire
592,Meevee
593,Edgeblab
594,Ainyx
595,Photofeed
596,Aivee
597,Bubbletube
598,Tagopia
599,Skyvu
600,Photolist
601,Quinu
602,Twitterbridge
603,Devpoint
604,Agimba
605,Eidel
606,Flipopia
607,Brightbean
608,Twitterlist
609,Zoomdog
610,Geba
611,Reallinks
612,Quatz
613,Topiclounge
614,Fivebridge
615,Demizz
616,Gabcube
617,Mynte
618,Jamia
619,Teklist
620,Yakitri
621,Talane
622,Vitz
623,Voonyx
624,Dabtype
625,Feedmix
626,Abata
627,Katz
628,Devbug
629,Devbug
630,Ntags
631,Thoughtstorm
632,Innojam
633,Feedmix
634,Browsetype
635,Blognation
636,Katz
637,Zoovu
638,Leexo
639,Midel
640,Skalith
641,Kwimbee
642,Zooxo
643,Wikido
644,Eimbee
645,Skipstorm
646,Ntag
647,Voomm
648,Thoughtworks
649,Mita
650,Realbuzz
651,Meemm
652,Edgetag
653,Thoughtbeat
654,Fiveclub
655,Kimia
656,Aimbu
657,Youopia
658,Voonte
659,Lazz
660,Oba
661,Feedfire
662,Quamba
663,Twitterbeat
664,Edgeblab
665,Wordify
666,Pixope
667,InnoZ
668,Quinu
669,Eayo
670,Digitube
671,Topicstorm
672,Photolist
673,Youspan
674,Feedfire
675,Oyonder
676,Quimm
677,Eamia
678,Chatterpoint
679,Brainlounge
680,Skinte
681,Meezzy
682,Twimm
683,Gevee
684,Jetpulse
685,Dabtype
686,Zoomcast
687,Linkbuzz
688,Yakidoo
689,Blogpad
690,Bubblemix
691,Eadel
692,Buzzbean
693,Babblestorm
694,Browsedrive
695,Thoughtstorm
696,Izio
697,Realbridge
698,Twimbo
699,Brightbean
700,Kwideo
701,Voonix
702,Thoughtbridge
703,Rhynoodle
704,Quinu
705,Skyvu
706,Edgetag
707,Skilith
708,Devpulse
709,Photobean
710,Thoughtmix
711,Wikivu
712,Miboo
713,Mycat
714,Twitterbridge
715,Agivu
716,Kanoodle
717,Realblab
718,Bubblemix
719,Mybuzz
720,Pixonyx
721,Flipbug
722,Minyx
723,Wordware
724,Topicstorm
725,Mybuzz
726,Voonte
727,Jetpulse
728,Bubblebox
729,Gabvine
730,DabZ
731,Vinder
732,Rhybox
733,Tazzy
734,Mymm
735,Dynabox
736,Yoveo
737,Fadeo
738,Browsebug
739,Gigazoom
740,Babblestorm
741,Mynte
742,Rhybox
743,Pixonyx
744,Kazu
745,Blognation
746,Aimbo
747,Plambee
748,Meemm
749,Ntags
750,Oyondu
751,Gigabox
752,Roombo
753,Zoozzy
754,Skippad
755,Layo
756,Skimia
757,Photospace
758,Topicshots
759,Jetwire
760,Photofeed
761,Livetube
762,Innojam
763,Flipbug
764,Muxo
765,Youspan
766,Skyble
767,Ainyx
768,Jabberbean
769,Feedfire
770,Ainyx
771,Mymm
772,Edgeify
773,Yata
774,Aimbu
775,Quamba
776,Aibox
777,Katz
778,Mydeo
779,Feedmix
780,Meetz
781,Aibox
782,Janyx
783,Oyoloo
784,Browsetype
785,Yotz
786,Skibox
787,Quatz
788,Einti
789,Devcast
790,Edgeclub
791,Gabcube
792,Divavu
793,Devify
794,Twitterbridge
795,Voonder
796,Tagtune
797,Jetwire
798,Roombo
799,Babblestorm
800,Tekfly
801,Ooba
802,Edgeify
803,Jabbersphere
804,Voonix
805,Feednation
806,Jayo
807,Gigaclub
808,Skimia
809,Dynazzy
810,Leexo
811,Quatz
812,Ntags
813,Kayveo
814,Fiveclub
815,Meedoo
816,Muxo
817,Twimm
818,Zoomdog
819,Jamia
820,Voonte
821,Yambee
822,Buzzbean
823,Devcast
824,Realcube
825,Meembee
826,Linkbridge
827,Yakidoo
828,Skajo
829,Voonte
830,Trilith
831,Youspan
832,Realfire
833,Tagpad
834,Browsecat
835,Gabspot
836,Divape
837,Mybuzz
838,Reallinks
839,Edgepulse
840,Skilith
841,Wikizz
842,Riffpedia
843,Dabfeed
844,Skyvu
845,Abatz
846,Pixoboo
847,Realbridge
848,Npath
849,Twitterworks
850,Chatterbridge
851,Demimbu
852,Kazu
853,Jaxnation
854,Tazz
855,Jayo
856,Tekfly
857,Abata
858,Npath
859,Oyoba
860,Meevee
861,Yakijo
862,DabZ
863,Livetube
864,Skippad
865,Edgeify
866,Babblestorm
867,Einti
868,Divavu
869,Yotz
870,Dazzlesphere
871,Youfeed
872,Quire
873,Meemm
874,Ailane
875,Lajo
876,Oyoyo
877,Oloo
878,Twitterworks
879,Tavu
880,Flashset
881,Skinder
882,Feedfish
883,Janyx
884,Chatterbridge
885,Katz
886,Yambee
887,Zooveo
888,Photobug
889,Topicblab
890,Divavu
891,Rhyzio
892,Fanoodle
893,Wikizz
894,Brightbean
895,Lazzy
896,Topiczoom
897,Thoughtstorm
898,Twinte
899,Eimbee
900,Skimia
901,Mynte
902,Browsetype
903,Agivu
904,Twitterbridge
905,Realcube
906,Quinu
907,Linkbuzz
908,Riffpedia
909,Eire
910,Ooba
911,Dabtype
912,Meetz
913,Mybuzz
914,Feednation
915,Jatri
916,Flashpoint
917,Quamba
918,Dabvine
919,Wordify
920,Brainlounge
921,Latz
922,Youtags
923,Abata
924,Snaptags
925,Tagcat
926,Chatterbridge
927,Yabox
928,Wordify
929,Oyondu
930,Brainverse
931,Skimia
932,Blognation
933,Jaxnation
934,Jabbercube
935,Yakijo
936,Babblestorm
937,Shufflebeat
938,Dabshots
939,Yotz
940,Jaxworks
941,DabZ
942,Aibox
943,Centidel
944,Zoomzone
945,Kazio
946,Browseblab
947,Meejo
948,Wikizz
949,Youtags
950,Rhycero
951,Skinte
952,Muxo
953,Photolist
954,Babbleset
955,Yotz
956,Oyoyo
957,Fivespan
958,LiveZ
959,Yata
960,Yabox
961,Yacero
962,Vinte
963,Tekfly
964,Jaloo
965,Tanoodle
966,Vipe
967,Dynabox
968,Kimia
969,Tagfeed
970,Aimbo
971,Topiclounge
972,Kayveo
973,Rhybox
974,Roombo
975,Midel
976,Vidoo
977,Brainsphere
978,Dynazzy
979,Eare
980,Skivee
981,Buzzshare
982,Skidoo
983,Zoomdog
984,Eayo
985,Yotz
986,Oyoyo
987,Flipbug
988,Skaboo
989,Topicstorm
990,Brightbean
991,Devshare
992,Oyoyo
993,Topdrive
994,Bubblemix
995,Divavu
996,Zava
997,Vidoo
998,Gigaclub
999,Kimia
1000,Rhyzio
